video_id,trending_date,title,channel_title,category_id,publish_time,tags,views,likes,dislikes,comment_count,thumbnail_link,comments_disabled,ratings_disabled,video_error_or_removed,description
n1WpP7iowLc,17.14.11,"Eminem - Walk On Water (Audio) ft. Beyonc√©","EminemVEVO",10,2017-11-10T17:00:03.000Z,"Eminem"|"Walk"|"On"|"Water"|"Aftermath/Shady/Interscope"|"Rap",17158579,787425,43420,125882,https://i.ytimg.com/vi/n1WpP7iowLc/default.jpg,False,False,False,"Eminem's new track Walk on Water ft. Beyonc√© is available everywhere: http://shady.sr/WOWEminem \nPlaylist Best of Eminem: https://goo.gl/AquNpo\nSubscribe for more: https://goo.gl/DxCrDV\n\nFor more visit: \nhttp://eminem.com\nhttp://facebook.com/eminem\nhttp://twitter.com/eminem\nhttp://instagram.com/eminem\nhttp://eminem.tumblr.com\nhttp://shadyrecords.com\nhttp://facebook.com/shadyrecords\nhttp://twitter.com/shadyrecords\nhttp://instagram.com/shadyrecords\nhttp://trustshady.tumblr.com\n\nMusic video by Eminem performing Walk On Water. (C) 2017 Aftermath Records\nhttp://vevo.ly/gA7xKt"
0dBIkQ4Mz1M,17.14.11,"PLUSH - Bad Unboxing Fan Mail","iDubbbzTV",23,2017-11-13T17:00:00.000Z,"plush"|"bad unboxing"|"unboxing"|"fan mail"|"idubbbztv"|"idubbbztv2"|"things"|"best"|"packages"|"plushies"|"chontent chop",1014651,127794,1688,13030,https://i.ytimg.com/vi/0dBIkQ4Mz1M/default.jpg,False,False,False,"STill got a lot of packages. Probably will last for another year. On a side note, more 2nd channel vids soon. editing with premiere from now on, gon' be a tedious transition, but i think it's for the best. \n\n__\n\nSUBSCRIBE ‚ñ∫ http://www.youtube.com/subscription_center?add_user=iDubbbztv\n\nMain Channel ‚ñ∫ https://www.youtube.com/user/iDubbbzTV\nSecond Channel ‚ñ∫ https://www.youtube.com/channel/UC-tsNNJ3yIW98MtPH6PWFAQ\nGaming Channel ‚ñ∫ https://www.youtube.com/channel/UCVhfFXNY0z3-mbrTh1OYRXA\n\nWebsite ‚ñ∫ http://www.idubbbz.com/\n\nInstagram ‚ñ∫ https://instagram.com/idubbbz/\nTwitter ‚ñ∫ https://twitter.com/Idubbbz\nFacebook ‚ñ∫ http://www.facebook.com/IDubbbz\nTwitch ‚ñ∫ http://www.twitch.tv/idubbbz\n_"
5qpjK5DgCt4,17.14.11,"Racist Superman | Rudy Mancuso, King Bach & Lele Pons","Rudy Mancuso",23,2017-11-12T19:05:24.000Z,"racist superman"|"rudy"|"mancuso"|"king"|"bach"|"racist"|"superman"|"love"|"rudy mancuso poo bear black white official music video"|"iphone x by pineapple"|"lelepons"|"hannahstocking"|"rudymancuso"|"inanna"|"anwar"|"sarkis"|"shots"|"shotsstudios"|"alesso"|"anitta"|"brazil"|"Getting My Driver's License | Lele Pons",3191434,146035,5339,8181,https://i.ytimg.com/vi/5qpjK5DgCt4/default.jpg,False,False,False,"WATCH MY PREVIOUS VIDEO ‚ñ∂ \n\nSUBSCRIBE ‚ñ∫ https://www.youtube.com/channel/UC5jkXpfnBhlDjqh0ir5FsIQ?sub_confirmation=1\n\nTHANKS FOR WATCHING! LIKE & SUBSCRIBE FOR MORE VIDEOS!\n-----------------------------------------------------------\nFIND ME ON: \nInstagram | http://instagram.com/rudymancuso\nTwitter | http://twitter.com/rudymancuso\nFacebook | http://facebook.com/rudymancuso\n\nCAST: \nRudy Mancuso | http://youtube.com/c/rudymancuso\nLele Pons | http://youtube.com/c/lelepons\nKing Bach | https://youtube.com/user/BachelorsPadTv\n\nVideo Effects: \nCaleb Natale | https://instagram.com/calebnatale\n\nPA:\nPaulina Gregory\n\n\nShots Studios Channels:\nAlesso | https://youtube.com/c/alesso\nAnitta | http://youtube.com/c/anitta\nAnwar Jibawi | http://youtube.com/c/anwar\nAwkward Puppets | http://youtube.com/c/awkwardpuppets\nHannah Stocking | http://youtube.com/c/hannahstocking\nInanna Sarkis | http://youtube.com/c/inanna\nLele Pons | http://youtube.com/c/lelepons\nMaejor | http://youtube.com/c/maejor\nMike Tyson | http://youtube.com/c/miketyson \nRudy Mancuso | http://youtube.com/c/rudymancuso\nShots Studios | http://youtube.com/c/shots\n\n#Rudy\n#RudyMancuso"
d380meD0W0M,17.14.11,"I Dare You: GOING BALD!?","nigahiga",24,2017-11-12T18:01:41.000Z,"ryan"|"higa"|"higatv"|"nigahiga"|"i dare you"|"idy"|"rhpc"|"dares"|"no truth"|"comments"|"comedy"|"funny"|"stupid"|"fail",2095828,132239,1989,17518,https://i.ytimg.com/vi/d380meD0W0M/default.jpg,False,False,False,"I know it's been a while since we did this show, but we're back with what might be the best episode yet!\nLeave your dares in the comment section! \n\nOrder my book how to write good \nhttp://higatv.com/ryan-higas-how-to-write-good-pre-order-links/\n\nJust Launched New Official Store\nhttps://www.gianthugs.com/collections/ryan\n\nHigaTV Channel\nhttp://www.youtube.com/higatv\n\nTwitter\nhttp://www.twitter.com/therealryanhiga\n\nFacebook\nhttp://www.facebook.com/higatv\n\nWebsite\nhttp://www.higatv.com\n\nInstagram\nhttp://www.instagram.com/notryanhiga\n\nSend us mail or whatever you want here!\nPO Box 232355\nLas Vegas, NV 89105"
2Vv-BfVoq4g,17.14.11,"Ed Sheeran - Perfect (Official Music Video)","Ed Sheeran",10,2017-11-09T11:04:14.000Z,"edsheeran"|"ed sheeran"|"acoustic"|"live"|"cover"|"official"|"remix"|"official video"|"lyrics"|"session",33523622,1634130,21082,85067,https://i.ytimg.com/vi/2Vv-BfVoq4g/default.jpg,False,False,False,"üéß: https://ad.gt/yt-perfect\nüí∞: https://atlanti.cr/yt-album\nSubscribe to Ed's channel: http://bit.ly/SubscribeToEdSheeran\n\nFollow Ed on...\nFacebook: http://www.facebook.com/EdSheeranMusic\nTwitter: http://twitter.com/edsheeran\nInstagram: http://instagram.com/teddysphotos\nOfficial Website: http://edsheeran.com\n\nDirector: Jason Koenig\nProducer: Honna Kimmerer\nStarring: Ed Sheeran & Zoey Deutch \nDirector of Photography: Johnny Valencia\nProduction Company: Anonymous Content\nExec Producer: Nina Soriano\nProduction Manager: Doug Hoff\nCommissioner: Dan Curwin\nProduction Designer: John Lavin\nLead Casting: Amy Hubbard \n \nWritten by: Jason Koenig, Ed Sheeran, Andrew Kolvet, Jenny Koenig, Murray Cummings\n\nEdited by: Jason Koenig & Johnny Valencia\nVFX: Ian Hubert\n\nCast: Bo Valencia, Dennis Ranalta, Arthur Pauli\n \nSki Cinematography: Corey Koniniec\nSpecialty Camera op: Ryan Haug\n1st AC: Ryan Brown\n \n1st Assistant Director: Ole Zapatka\nArt Director: Klaus Hartl\nSnow fx: Lucien Stephenson\n\nGaffer: Thomas Berz\nStylist: Claudia Lajda\nHair & Makeup: Christel Thoresen\nAustrian Casting: Ursula Kiplinger\n \nAdditional VFX: Zoic\n\nSpecial Thanks to: The Hintertux Glacier, Austria;\nThe Tenne, and Hotel Neuhintertux"
0yIWz1XEeyc,17.14.11,"Jake Paul Says Alissa Violet CHEATED with LOGAN PAUL! #DramaAlert Team 10 vs  Martinez Twins!","DramaAlert",25,2017-11-13T07:37:51.000Z,"#DramaAlert"|"Drama"|"Alert"|"DramaAlert"|"keemstar"|"youtube news"|"jake paul"|"team 10"|"alissa violet"|"cheated"|"logan paul"|"logan paul alissa violet"|"jake paul alissa violet"|"Martinez Twins"|"left team 10"|"faze banks"|"erika costell",1309699,103755,4613,12143,https://i.ytimg.com/vi/0yIWz1XEeyc/default.jpg,False,False,False,"‚ñ∫ Follow for News! - https://twitter.com/KEEMSTAR\n\n‚ñ∫ Also follow #DramaAlert on:\n‚ãÜ Instagram: https://instagram.com/DramaAlert\n‚ãÜ Twitter: https://twitter.com/DramaAlert\n‚ãÜ Facebook: https://facebook.com/DramaAlert\n\n‚ñ∫ Follow for livestreams! - https://twitch.tv/KEEMSTAR\n\n‚ñ∫ KEEM Merch\nhttp://keem.shirtz.cool\n\n‚ñ∫ USE CODE (KEEM)\nhttps://gfuel.com/pages/keemstar\n\nDollar in the Woods! (OUT NOW)\n‚ñ∫ iTunes\nhttps://itunes.apple.com/us/album/dollar-in-the-woods-single/id1295414119https://itunes.apple.com/us/album/dollar-in-the-woods-single/id1295414119\n\n‚ñ∫ Spotify \nhttps://open.spotify.com/track/3uUHoKWqPbJ5qoREGbguC9?si=v4CgSBBR\n\n‚ñ∫ YouTube (Music Video)\nhttps://youtu.be/n38Qxi7TVWo\n\nAdpocalypse! (My New Game)\n‚ñ∫ Apple (iOS)\nhttps://itunes.apple.com/us/app/the-adpocalypse/id1263621591\n\n‚ñ∫ Android\nhttps://play.google.com/store/apps/details?id=com.projectorgames.howtogetahead"
_uM5kFfkhB8,17.14.11,"Vanoss Superhero School - New Students","VanossGaming",23,2017-11-12T23:52:13.000Z,"Funny Moments"|"Montage video games"|"gaming"|"Vanoss"|"VanossGaming"|"Gameplay"|"Secret"|"Puncake"|"Parody"|"Comedy"|"Remix"|"Epic"|"Trolling"|"Xbox One"|"MultiplayerPS4"|"Funtage"|"superhero school"|"vanoss superhero school"|"superhero"|"scool"|"school"|"super hero"|"vanoss gaming school"|"doc"|"documentary",2987945,187464,9850,26629,https://i.ytimg.com/vi/_uM5kFfkhB8/default.jpg,False,False,False,"Vanoss Merch Shop: https://vanoss.3blackdot.com/\n\n\n\nCreated by: Evan Fong https://twitter.com/evanfong\nDirected by: Jack Wagner https://www.instagram.com/versace_tamagotchi\nWritten by: Jack Wagner, Eric Pumphrey, Evan Fong, Kent Osborne & Andy Haynes\n\nPRODUCERS\nExecutive Producer: Evan Fong\nExecutive Producer: Gareth Upton\n\n3BlackDot\nExecutive Producer: Angelo Pullen\nExecutive Producer: Shelby Alan Brown\nhttps://3blackdot.com/\n\nAnthem Films\nExecutive Producer: DJay Brawner\nExecutive Producer: Blake Greenbaum\nGeneral Manager: Nicole Swedlow\nHead of Production: Amy Silliman \nCreative Producer: Gabriel Younes\nhttp://www.anthemfilms.com/\n\nCAST\nDean - Stu James https://twitter.com/stujameslive\nAustin - Austin Zajur https://www.instagram.com/austinzajur/\nTanner - Nick Colletti https://twitter.com/nick_colletti\nKurt - Evan Breen https://twitter.com/evan_breen\nGina - Isabel Sobrepera https://www.instagram.com/isobrep\nFellow student - Matthew Haddad\nRobber - William Bouton\nPolice Officer - Kevin Whittington\nGuy 1 - Justin McClain \nReceptionist - Abby Victor\nVanoss - Evan Fong / Chris Ryan\n\nPRODUCTION\nProducer: Christopher Pluchar\nProduction Manager: Michael Burke\n1st AD: Sam Shapson\n2nd AD: David Moore\nPA: Alexandria Kelly\nPA: David Sperling\nPA: Lars Nordgaard\nPA: Cory Riley\nIntern/PA: Anna Niebert\n\nCamera\nDir of Photography: Wojciech Kielar\n1st AC: Chuck Schwarzbeck\n2nd AC/DIT: Tamara Santos\n2nd Camera Op: Andrew Harris \n\nG&E\nGaffer: Kyle Fallon\nBB Electric: Mike Sullivan\nSwing: Jesse Lee\nKey Grip: Zach Kienitz\nBB Grip: Sebastian Nuta\n\nArt\nProduction Designer: Justin McClain\nArt Director: Jacob Salano\nSet Decorator: Chris Barundia\nSet Dresser: Joseph Altamuro\nSet Dresser: Seth Mankoski\nShopper/Set Dresser: Caiti Shannon\nArt Driver: Matt Baltzer\nGraphic Designer: Joshua Barish\n\nHair & Make-Up\nHair & Makeup: Linda Marfisi\nHair & Makeup Asst: Lian Uritsky\n\nWardrobe\nCostume Designer: Patrick Glendening\nCostume Assistant: Kim House\n\nSound\nSound: Jake Unterreiner\n\nPOST \nEditor: Alex Jones\nColor: Ryan McNeal\nPost Audio: Aaron Bartscht \nVFX: Tanner Merrill\nOutro Titles: Grabster\n\nCasting Director\nMichael ‚ÄúStonewall‚Äù Beaudry\n\n\nVanoss Twitter - http://twitter.com/#!/VanossGaming\nVanoss Facebook - http://www.facebook.com/VanossGaming\nVanoss Instagram - http://instagram.com/vanossinstagram\n\nPlease Ignore or flag spam, negative, or hateful comments.  We're here to have a good time.  Thanks everyone, and enjoy :]"
2kyS6SvSYSE,17.14.11,"WE WANT TO TALK ABOUT OUR MARRIAGE","CaseyNeistat",22,2017-11-13T17:13:01.000Z,"SHANtell martin",748374,57534,2967,15959,https://i.ytimg.com/vi/2kyS6SvSYSE/default.jpg,False,False,False,"SHANTELL'S CHANNEL - https://www.youtube.com/shantellmartin\nCANDICE - https://www.lovebilly.com\n\nfilmed this video in 4k on this -- http://amzn.to/2sTDnRZ\nwith this lens -- http://amzn.to/2rUJOmD\nbig drone - http://tinyurl.com/h4ft3oy\nOTHER GEAR ---  http://amzn.to/2o3GLX5\nSony CAMERA http://amzn.to/2nOBmnv\nOLD CAMERA; http://amzn.to/2o2cQBT\nMAIN LENS; http://amzn.to/2od5gBJ\nBIG SONY CAMERA; http://amzn.to/2nrdJRO\nBIG Canon CAMERA; http://tinyurl.com/jn4q4vz\nBENDY TRIPOD THING; http://tinyurl.com/gw3ylz2\nYOU NEED THIS FOR THE BENDY TRIPOD; http://tinyurl.com/j8mzzua\nWIDE LENS; http://tinyurl.com/jkfcm8t\nMORE EXPENSIVE WIDE LENS; http://tinyurl.com/zrdgtou\nSMALL CAMERA; http://tinyurl.com/hrrzhor\nMICROPHONE; http://tinyurl.com/zefm4jy\nOTHER MICROPHONE; http://tinyurl.com/jxgpj86\nOLD DRONE (cheaper but still great);http://tinyurl.com/zcfmnmd\n\nfollow me; on http://instagram.com/caseyneistat\non https://www.facebook.com/cneistat\non https://twitter.com/CaseyNeistat\n\namazing intro song by https://soundcloud.com/discoteeth\n\nad disclosure.  THIS IS NOT AN AD.  not selling or promoting anything.  but samsung did produce the Shantell Video as a 'GALAXY PROJECT' which is an initiative that enables creators like Shantell and me to make projects we might otherwise not have the opportunity to make.  hope that's clear.  if not ask in the comments and i'll answer any specifics."
JzCsM1vtn78,17.14.11,"THE LOGANG MADE HISTORY. LOL. AGAIN.","Logan Paul Vlogs",24,2017-11-12T20:19:24.000Z,"logan paul vlog"|"logan paul"|"logan"|"paul"|"olympics"|"logan paul youtube"|"vlog"|"daily"|"comedy"|"hollywood"|"parrot"|"maverick"|"bird"|"maverick clothes"|"logan paul dubai"|"dubai"|"logan paul uae"|"uae"|"logan paul meet and greet"|"logan paul meet up"|"logan paul dubai mall"|"the dubai mall"|"logan paul arab"|"arabic"|"arab"|"logan paul age"|"the maverick"|"maverick merch",4477587,292837,4123,36391,https://i.ytimg.com/vi/JzCsM1vtn78/default.jpg,False,False,False,"Join the movement. Be a Maverick ‚ñ∫ https://ShopLoganPaul.com/\nNO ONE CAN STOP US. \nSUBSCRIBE FOR DAILY VLOGS! ‚ñ∫ http://bit.ly/Subscribe2Logan\n\nMusic:\nExistence Problem - Marius\nhttps://fanlink.to/MariusExistenceProblem2017\n\nAnimal - The Siege\nhttps://soundcloud.com/theseigemusic/animal\n\nCtrl+Alt+Del - The Siege\nhttps://soundcloud.com/theseigemusic/ctrlaltdel\n\nWatch Yesterday‚Äôs Vlog  ‚ñ∫ https://youtu.be/TIqqEJg4q7c\n\nADD ME ON:\nINSTAGRAM: https://www.instagram.com/LoganPaul/\nTWITTER: https://twitter.com/LoganPaul\n\nI‚Äôm a 22 year old kid living in Los Angeles. I make comedy vids, travel a lot, I have a pretty colorful parrot named Maverick and a savage dog named Kong. This is my life.\nhttps://www.youtube.com/LoganPaulVlogs"
43sm-QwLcx4,17.14.11,"Finally Sheldon is winning an argument about the existence of God","Sheikh Musa",22,2017-11-10T14:10:46.000Z,"God"|"Sheldon Cooper"|"Young Sheldon",505161,4135,976,1484,https://i.ytimg.com/vi/43sm-QwLcx4/default.jpg,False,False,False,"Sheldon is roasting pastor of the church\nyoung Sheldon season 01 episode 3"
H1KBHFXm2Bg,17.14.11,"21 Savage - Bank Account (Official Music Video)","21 Savage",10,2017-11-10T19:00:02.000Z,"21 savage"|"bank account"|"21 savage bank account"|"bank account 21 savage"|"bank account official"|"bank account 2017"|"bank account official music video"|"bank account music video"|"21 savage official"|"21 savage 2017"|"21 savage music"|"21 savage songs"|"21 savage music video"|"21 savage official music video"|"rap"|"hip hop"|"trap"|"music"|"atlanta rap"|"atlanta"|"atlanta hip hop"|"atlanta trap"|"mike epps",5068229,263596,8585,28976,https://i.ytimg.com/vi/H1KBHFXm2Bg/default.jpg,False,False,False,"Watch the official music video of Bank Account by 21 Savage.\n\nDownload/stream 'Issa Album' here:\nhttp://smarturl.it/IssaAlbum_DSPs\n\nDirected by Swinsky\n\nSubscribe to 21 Savage's official channel for exclusive music videos and behind the scenes footage: http://bit.ly/Subscribe-to-21Savage\n\nFollow 21 Savage:\nhttp://21Savage.com\nhttp://twitter.com/21Savage\nhttp://instagram.com/21Savage\nhttp://facebook.com/21Savage"
U3xLOo-CNwo,17.14.11,"12 Weird Ways To Sneak Food Into Class / Back To School Pranks","Troom Troom",26,2017-11-12T15:00:05.000Z,"sneak food"|"how to sneak food into class"|"class hacks"|"school food"|"food in class"|"sneak food into class"|"how to sneak food into school"|"take food to school"|"weird school supplies"|"school pranks"|"back to school"|"hide food"|"eating in class"|"ways to sneak food into class"|"how to sneak food in class"|"how to sneak food in school"|"best school pranks"|"back to school pranks"|"prank"|"school",3153224,28451,2285,3312,https://i.ytimg.com/vi/U3xLOo-CNwo/default.jpg,False,False,False,"Subscribe Here: http://bit.ly/2uaz0on\n12 Hot Glue Gun Life Hacks For Crafting: https://youtu.be/RVrUIQAFldU?list=PLy0LaulZe0vSljAapkasaxsIKJp7I-7j0\nIn this video we will continue the theme of weird ways to sneak food into class! We've invented new ways of how to cheat the teacher. There should be no more boredom and hunger in the class!\n\nSupplies and Tools:\n‚Ä¢ Candies and cookies\n‚Ä¢ Pencil sharpener\n‚Ä¢ Notepaper holder\n‚Ä¢ Color and scrapbook paper\n‚Ä¢ Ruler\n‚Ä¢ Craft knife\n‚Ä¢ Ziploc bags\n‚Ä¢ Felt\n‚Ä¢ Marker\n‚Ä¢ Hole puncher\n‚Ä¢ Ribbon\n‚Ä¢ Donut images\n‚Ä¢ Hot glue gun\n‚Ä¢ Empty school supply containers\n‚Ä¢ Wipes \n‚Ä¢ Scissors\n‚Ä¢ Fanta\n‚Ä¢ Funnel\n‚Ä¢ Air dry clay\n‚Ä¢ Acrylic paint\n‚Ä¢ Sponge\n‚Ä¢ Stationery holders\n‚Ä¢ Jam\n‚Ä¢ Pen\n‚Ä¢ Tic-Tac \n\nMusic:\nBest Future House Mix 2017 Vol. 1 by Uro≈° is licensed under a Creative Commons 3.0 Unported License.\nSource: https://soundcloud.com/urosfuturehouse/best-future-house-mix-2017-vol-1  \n\nWatch More Troom Troom: \nPopular Videos:\n18 Funny Pranks! Prank Wars! https://youtu.be/yWazGzCNtJ4\n11 DIY Edible Makeup Ideas/11 Funny Pranks https://youtu.be/kewz3hF63Xo\n14 Weird Ways To Sneak Food Into Class / Back To School Pranks https://youtu.be/W5p2ndS34vA\nDIY Slime Stress Ball‚Äî 5 Ideas https://youtu.be/3VH6KeJn-XA\n11 DIY Edible School Supplies / Pranks For Back To School! https://youtu.be/ZMnz2hfmubs\n\nPopular Playlists:\nFunny Pranks: https://www.youtube.com/playlist?list...\nBack to School: https://www.youtube.com/playlist?list...\nLife Hacks: https://www.youtube.com/playlist?list...\nDIY Cosmetics: https://www.youtube.com/playlist?list...\nAwesome Slimes: https://www.youtube.com/playlist?list...\n\nFollow Troom Troom:\nSubscribe: http://bit.ly/2uaz0on\nInstagram: http://bit.ly/2t0BsOK\nFacebook: http://bit.ly/2uf2qTb\nPinterest: http://bit.ly/2tFz9iT\n\nTroom Troom Espa√±ol: \nSubscribe: http://bit.ly/2uaqyFo\n\nTroom Troom Fran√ßaise:\nSubscribe: http://bit.ly/2vnYmfc\n\nTroom Troom Russian: \nSubscribe: http://bit.ly/2tEWWiQ\n\nTroom Troom Deutsch:\nSubscribe: http://bit.ly/2wo0oOR\n\nTroom Troom Japanese:\nSubscribe: http://bit.ly/2xK2mZv\n\nAbout Troom Troom: \nEasy DIY how to video tutorials. DIY Accessories, Scrapbooking Cards, Home D√©cor, Make Up Tutorials, Life Hacks, and MUCH more! Make it easy! \n\nFor any business enquires please contact me at: troomtroomdiy@gmail.com\n\nQuestion of the Day: what idea you liked the most? Comment Below!\n\nDon‚Äôt forget to turn on notifications, like, & subscribe!"
FyZMnhUtLfE,17.14.11,"ÁåéÂú∫ | Game Of Hunting 12„ÄêTVÁâà„ÄëÔºàËÉ°Ê≠å„ÄÅÂºµÂòâË≠Ø„ÄÅÁ•ñÂ≥∞Á≠â‰∏ªÊºîÔºâ","Â§ßÂäáÁç®Êí≠",1,2017-11-12T16:00:01.000Z,"ÈõªË¶ñÂäá"|"Â§ßÈô∏ÈõªË¶ñÂäá"|"ÁåéÂú∫"|"ËÅåÂú∫"|"ÂïÜÊàò"|"Áà±ÊÉÖ"|"ÈÉΩÂ∏Ç"|"ËÉ°Ê≠å"|"ÈôàÈæô"|"Â≠ôÁ∫¢Èõ∑"|"Âº†ÂòâËØë"|"Á•ñÂ≥∞"|"ÊùéÂº∫"|"ËÉ°ÂÖµ"|"ËèÖÁ∫´Âßø"|"‰∏áËåú"|"Á´†ÈæÑ‰πã"|"ÂæêÈòÅ"|"ÊüØËìù"|"ÁΩóÊµ∑Áêº"|"ÁéãËåú"|"Ëë£Âãá"|"ËµµÁ´ãÊñ∞"|"huge"|"chenlong"|"sunhonglei"|"zhangjiayi"|"zufeng"|"liqiang"|"hubing"|"wanqian"|"zhanglingzhi"|"zhaolixin",158815,218,30,186,https://i.ytimg.com/vi/FyZMnhUtLfE/default.jpg,False,False,False,"Thanks for watching the drama! Help more people watch [Game Of Hunting] by contributing subtitles. Details here: https://goo.gl/q8oOgq ÂñúÊ≠° [ÁçµÂ†¥] ÂóéÔºüÂπ´Âä©ÊàëÂÄë‰∏äÂ≠óÂπïÔºåËÆìÊõ¥Â§öËßÄÁúæÂèØ‰ª•Ê¨£Ë≥ûÈÄôÈÉ®Â•ΩÂäáÔºÅ\n\n„ÄêÊ≠°ËøéË®ÇÈñ±Â§ßÂäáÁç®Êí≠ÂÆòÊñπÈ†ªÈÅìYouTubeÈ†ªÈÅì„Äë\nhttps://goo.gl/bXGIIs\n\nË©≤ÂäáË¨õËø∞‰∫Ü‰∏ÄÂÄãÈ´òÁ¥öÁçµÈ†≠Âú®ÂïÜÁïå‰∏≠Á∏±Ê©´Êç≠Èóî„ÄÅÂú®ÊÉÖÊÑü‰∏äÂëΩÈÅãÂ§öËàõÁöÑÊïÖ‰∫ã„ÄÇ\n\n‚òÖ„ÄäÁçµÂ†¥„Äã‚Äî‚ÄîËÉ°Ê≠åÈ†òÈäúÊºîÁππÁãºÊÄßËÅ∑Â†¥ÊÇçÂ∞á ËàáÂ≠´Á¥ÖÈõ∑„ÄÅÂºµÂòâË≠ØÂêåËá∫È£ÜÊà≤„ÄêÊ≠°ËøéË®ÇÈñ±„Äë\nhttps://goo.gl/8PkYmN\n\n‚òÖ„ÄäÈÇ£Âπ¥Ëä±ÈñãÊúàÊ≠£Âúì„Äã ‚Äî‚Äî Â≠´ÂÑ∑ËÆäË∫´Â•≥È¶ñÂØå ËÅØÊâãÈô≥Êõâ‰∏äÊºîËôêÂøÉÂÇ¨Ê∑öÂ§ßÊà≤„ÄêÊ≠°ËøéË®ÇÈñ±„Äë\nhttps://goo.gl/9cFiDv\n\n‚òÖ„ÄäÊàëÂÄëÁöÑÊÑõ„Äã‚Äî‚Äî Èù≥Êù±È°õË¶ÜÈ¶ñÊºî‚ÄúÈ≥≥Âá∞Áî∑‚Äù ÂíåÁ´•ËïæÈô∑ÂÖ•ÊÑüÊÉÖÁ≥æËëõ„ÄêÊ≠°ËøéË®ÇÈñ±„Äë\nhttps://goo.gl/a1bkPp\n\n‚òÖ„ÄäÁÑ°ÂøÉÊ≥ïÂ∏´2„Äã ‚Äî‚Äî ÈüìÊù±Âêõ„ÄÅÈô≥Áë§‰∫¶Êïµ‰∫¶Âèã ÁéãÂΩ•Èúñ‰∏çÂøòÂàùÂøÉËø¥Ê≠∏„ÄêÊ≠°ËøéË®ÇÈñ±„Äë\nhttps://goo.gl/ZiGH7M\n\n‚òÖ„ÄäÂÆÆÈéñÁè†Â∏ò„Äã‚Äî‚Äî ÊùúÊ∑≥Ë¢ÅÂßçÂßçËôêÊàÄÂçáÁ¥ö Èô≥ÊõâË∂ôÈ∫óÁ©éÂÜçÁ∫åÂâçÁ∑£„ÄêÊ≠°ËøéË®ÇÈñ±„Äë\nhttps://goo.gl/Vy6qzA\n\n‚òÖ„ÄäË∑®ÁïåÂñúÂâßÁéãÁ¨¨‰∫åÂ≠£„Äã‚Äî‚ÄîËëõ‰ºòÈ¢ÜË°îÂñúÂâß‰∏âÂ∑®Â§¥ ‚ÄúÂêêÊßΩ‚ÄùÊñ∞Ê®°ÂºèÂºïÊúüÂæÖ„ÄêÊ¨¢ËøéËÆ¢ÈòÖ„Äë\nhttps://goo.gl/BTmsPB\n\n‚òÖ„ÄäÈæçÁè†ÂÇ≥Â•á‰πãÁÑ°ÈñìÈÅì„Äã‚Äî‚ÄîÁß¶‰øäÂÇëÈõôÈù¢Â∫∑ÁÜô Ê•äÁ¥´Êà≤Ë£èÊà≤Â§ñÁîúËôêÁúæ‰∫∫„ÄêÊ≠°ËøéË®ÇÈñ±„Äë\nhttps://goo.gl/1MBDKO\n\n‚òÖ„ÄäÈõûÊØõÈ£õ‰∏äÂ§©„Äã‚Äî‚ÄîÂºµË≠ØÊÆ∑Ê°É‰∏ÄÂêåÊñ¨Áç≤ÁôΩÁéâËò≠Ë¶ñÂ∏ùË¶ñÂæå„ÄêÊ≠°ËøéË®ÇÈñ±„Äë\nhttps://goo.gl/4wiaLB"
7MxiQ4v0EnE,17.14.11,"Daang ( Full Video ) | Mankirt Aulakh | Sukh Sanghera | Latest Punjabi Song 2017 | Speed Records","Speed Records",10,2017-11-11T16:41:15.000Z,"punjabi songs"|"punjabi bhangra"|"punjabi music"|"punjabi bhangra music"|"punjabi latest songs"|"punjabi romantic songs"|"punjabi sad songs"|"punjabi"|"bhangra"|"latest punjabi songs 2017"|"punjab"|"desi"|"speed records"|"mankirt new song"|"daang"|"sukh sanghera"|"deep kahlon"|"mankirt aulakh",5718766,127477,7134,8063,https://i.ytimg.com/vi/7MxiQ4v0EnE/default.jpg,False,False,False,"Song - Daang\nSinger - Mankirt Aulakh\nFacebook - https://www.facebook.com/mankirtaulakh\nInstagram - https://www.instagram.com/mankirtaulakh\nSnapchat - Mankirtaulakh\nMusic - MixSingh \nLyrics - Deep Kahlon\nSpecial Thanks - Sanjeev Sharma\nProject By - Gurpreet Khetla\nVideo - Sukh Sanghera\nOnline Promotion - Gold Media\nLabel - Speed Records \n\nItunes - http://abc.digital/dng1\nApple Music - http://abc.digital/dng2\nHungam - http://bit.ly/2jmDowU\nSaavn - http://bit.ly/2zF50S5\nGaana - http://bit.ly/2AyGxNF\n\nLike || Share || Spread || Love \n  \nEnjoy & stay connected with us!\n‚ñ∫ Subscribe to Speed Records : http://bit.ly/SpeedRecords\n‚ñ∫ Like us on Facebook: https://www.facebook.com/SpeedRecords\n‚ñ∫ Follow us on Twitter: https://twitter.com/Speed_Records\n‚ñ∫ Follow us on Instagram: https://instagram.com/Speed_Records\n‚ñ∫ Follow on Snapchat : https://www.snapchat.com/add/speedrecords\n  \nVirasat Facebook Link - https://m.facebook.com/Virasat-152196...\nOops TV Facebook Link - https://m.facebook.com/oopstvfun/\n\nFoodies -\nInstagram - http://instagram.com/speedfoodies\nFacebook - http://bit.ly/2yvcBB9\nSnapchat - https://www.snapchat.com/add/officialfoodies\n\nPoon Poon - \nSnapchat- https://www.snapchat.com/add/poonpoon0001\nYoutube-  youtube.com/channel/UC82dRFIxmjA293G7tYunPWQ\nFacebook - https://www.facebook.com/officialpoonpoon\nInstagram - https://instagram.com/poonpoonofficial"
LUzsOyWp9lw,17.14.11,"YOUTUBERS REACT TO TOP 10 TWITTER ACCOUNTS OF ALL TIME","FBE",24,2017-11-12T22:00:01.000Z,"twitter"|"top 10"|"Taylor Swift"|"YOUTUBERS REACT TO TOP 10 MOST FOLLOWED TWITTER ACCOUNTS"|"Rihanna"|"Cristiano Ronaldo"|"Lady Gaga"|"Katy Perry"|"Justin Timberlake"|"Justin Bieber"|"Barack Obama"|"Ellen DeGeneres"|"reacts"|"reaction"|"reactions"|"youtubers react"|"thefinebros"|"fine brothers"|"fine brothers entertainment"|"FBE"|"reviews"|"teens react"|"kids react"|"adults react"|"iisuperwomanii"|"merrelltwins"|"dangmattsmith"|"CollinsKey"|"youtubers"|"react"|"elders react"|"watch"|"fine bros",960747,31810,668,5335,https://i.ytimg.com/vi/LUzsOyWp9lw/default.jpg,False,False,False,"CLICK TO SUBSCRIBE TO THE YOUTUBERS IN THIS EPISODE! \nhttps://goo.gl/gc95Mj\nSUBSCRIBE THEN HIT THE üîî! New Videos 2pm PT on FBE http://goo.gl/aFu8C\nWatch all main React episodes: http://goo.gl/4iDVa\n\nThe YouTubers try to guess the correct order of the top 10 most followed Twitter accounts! Watch to see their reactions!\n\nContent Featured:\nRihanna\nhttps://twitter.com/rihanna\n\nCristiano Ronaldo\nhttps://twitter.com/Cristiano\n\nLady Gaga\nhttps://twitter.com/ladygaga\n\nKaty Perry\nhttps://twitter.com/katyperry\n\nJustin Timberlake\nhttps://twitter.com/jtimberlake\n\nJustin Bieber\nhttps://twitter.com/justinbieber\n\nBarack Obama\nhttps://twitter.com/BarackObama\n\nEllen DeGeneres\nhttps://twitter.com/TheEllenShow\n\nTaylor Swift\nhttps://twitter.com/taylorswift13\n\nYouTube\nhttps://twitter.com/YouTube\n\n\nFBE‚Äôs goal is to credit the original links to the content featured in its shows. If you see incorrect or missing attribution please reach out to credits@finebrosent.com\n\nYouTubers Featured:\nCollins Key\nhttps://www.youtube.com/CollinsKey\n\nDANGMATTSMITH\nhttps://www.youtube.com/dangmattsmith\n\nGuava Juice\nhttp://youtube.com/guavajuice\n\nLilly Singh\nhttps://www.youtube.com/iisuperwomanii\n\nBlaire Fowler\nhttps://www.youtube.com/juicystar07\n\nMatPat & Stephanie\nhttps://www.youtube.com/MatthewPatrick13\nhttp://youtube.com/GTLive\n\nVeronica & Vanessa Merrell\nhttps://www.youtube.com/merrelltwins\n\nSteven Suptic & Cib\nhttp://www.youtube.com/c/sugarpine7\n\nMERCH üëï https://www.shopfbe.com\n\nFollow Fine Brothers Entertainment:\nFBE WEBSITE: http://www.finebrosent.com\nFBE CHANNEL: http://www.youtube.com/FBE\nREACT CHANNEL: http://www.youtube.com/REACT\nBONUS CHANNEL: https://www.youtube.com/FBE2\nFACEBOOK: http://www.facebook.com/FBE\nFACEBOOK: http://www.facebook.com/FBEShows\nTWITTER: http://www.twitter.com/fbe\nINSTAGRAM: http://www.instagram.com/fbe\nSNAPCHAT: https://www.snapchat.com/add/finebros\nSOUNDCLOUD: https://soundcloud.com/fbepodcast\niTUNES (Podcast): https://goo.gl/DSdGFT\nGOOGLE PLAY (Podcast): https://goo.gl/UhL6bk\nMUSICAL.LY: @fbe\n\nSEND US STUFF:\nFBE\nP.O. BOX 4324\nValley Village, CA 91617-4324\n\nCreators & Executive Producers - Benny Fine & Rafi Fine\nHead of Post Production - Nick Bergthold\nSr. Associate Producer - Kyle Segal\nAssociate Producer - Ethan Weiser, Vartuhi Oganesyan\nJr. Associate Producer - JC Chavez\nProduction Coordinator - Cynthia Garcia\nStudio Technician - Josh Hilton\nProduction Assistant -Lauren Hutchinson, Oscar Ramos\nEditor - Alyssa Salter\nAssistant Editor - Andre Gardere, Lizzy Siskind\nDirector of Production - Drew Roder\nAssistant Production Coordinator - Kristy Kiefer\nPost Supervisor - Adam Speas, David Valbuena\nSet Design - Melissa Judson\nMusic - Cormac Bluestone http://www.youtube.com/cormacbluestone\n\n¬© Fine Brothers Entertainment.\n\nYouTubers React #199 - YOUTUBERS REACT TO TOP 10 TWITTER ACCOUNTS OF ALL TIME"
AS9-ITLhQxo,17.14.11,"I Hired An MI6 Spy To Help Me Disappear","BuzzFeedBlue",22,2017-11-11T16:00:44.000Z,"buzzfeed"|"buzzfeedblue"|"outsmarted"|"outsmart"|"mi6"|"spy"|"agent"|"operative"|"disappear"|"escape"|"run"|"outrun"|"mike"|"chase"|"hide"|"disguise"|"pregnant"|"danger"|"comedy"|"unscripted"|"private"|"investigator"|"pi"|"detective"|"escaping"|"espionage"|"investigation"|"funny"|"challenge",1531218,53961,1697,4277,https://i.ytimg.com/vi/AS9-ITLhQxo/default.jpg,False,False,False,"In the Outsmarted finale, Mike trains with an MI6 agent and tries losing a private investigator following him. \n\nCredits: https://www.buzzfeed.com/bfmp/videos/30768\n\nCheck out more awesome videos at BuzzFeedBlue!\nhttps://bit.ly/YTbuzzfeedvideo\nhttps://bit.ly/YTbuzzfeedblue1\nhttps://bit.ly/YTbuzzfeedviolet\n\nGET MORE BUZZFEED:\nhttps://www.buzzfeed.com\nhttps://www.buzzfeed.com/videos\nhttps://www.youtube.com/buzzfeedvideo\nhttps://www.youtube.com/boldly\nhttps://www.youtube.com/buzzfeedblue\nhttps://www.youtube.com/buzzfeedviolet\nhttps://www.youtube.com/perolike\nhttps://www.youtube.com/ladylike\n\nBuzzFeedBlue\nSports, video games, Unsolved & more epic daily videos!\n\nEXTERNAL CREDITS\nP.J. Red Riley\nhttps://www.kissesfromnimbus.com/\n+\nKen Childs\nhttp://www.licensed-investigator.com/\n+\nEmerson College\nhttp://www.emerson.edu/\n+\nVeronica Warner\nhttps://www.instagram.com/raynebeauxxx/\n+\nSarah Elizabeth Bakman\nhttp://www.imdb.com/name/nm9275422/\n+\nAnthony Marks\nhttp://ohanthony.com/\n\n\nMUSIC\nBACK IN THE SADDLE SOON\nLicensed via Warner Chappell Production Music Inc.\nFINGERPRINTS\nLicensed via Warner Chappell Production Music Inc.\nMACON BY MIDNIGHT\nLicensed via Warner Chappell Production Music Inc.\nSTRESS FRACTURE\nLicensed via Warner Chappell Production Music Inc.\nHYBRID FORCES\nLicensed via Warner Chappell Production Music Inc.\nSEARCH AND DESTROY\nLicensed via Warner Chappell Production Music Inc.\nBOTH SIDES AGAINST THE OTHER\nLicensed via Warner Chappell Production Music Inc.\nRECKLESS DEPARTURE\nLicensed via Warner Chappell Production Music Inc.\nSTORM SHADOW PULSAR\nLicensed via Warner Chappell Production Music Inc.\nATTACK DOG HIT A\nLicensed via Warner Chappell Production Music Inc.\nEXHAUST FUMES\nLicensed via Warner Chappell Production Music Inc.\nEPIC COUNTDOWN\nLicensed via Warner Chappell Production Music Inc.\n2 SECOND DELAY\nLicensed via Warner Chappell Production Music Inc.\nPRESSURE IS ON\nLicensed via Warner Chappell Production Music Inc.\nOVERTAKE\nLicensed via Warner Chappell Production Music Inc.\nRISE 6\nLicensed via Warner Chappell Production Music Inc.\nEVASION\nLicensed via Warner Chappell Production Music Inc.\nSHOCK CORRIDOR\nLicensed via Warner Chappell Production Music Inc.\nHARD HIT COVERT TIES\nLicensed via Warner Chappell Production Music Inc.\nVEXATION\nLicensed via Warner Chappell Production Music Inc.\nIT CAME FROM THE TAR PITS\nLicensed via Warner Chappell Production Music Inc.\nPULL\nLicensed via Warner Chappell Production Music Inc.\nIMPCT PRIME NUMBER\nLicensed via Warner Chappell Production Music Inc.\nTIGHT BUTTOCKS\nLicensed via Warner Chappell Production Music Inc.\nGNEISS\nLicensed via Warner Chappell Production Music Inc.\nIMPACT FULL MIX ALT KEY G\nLicensed via Warner Chappell Production Music Inc.\nSHORT RISE IN SPACE 14\nLicensed via Warner Chappell Production Music Inc.\nBLACK OPS MISSION\nLicensed via Warner Chappell Production Music Inc.\nHEARTHFIRE\nLicensed via Warner Chappell Production Music Inc.\nANIMUS\nLicensed via Warner Chappell Production Music Inc.\nSUSPICION\nLicensed via Warner Chappell Production Music Inc.\nORCHESTRAL BLAST\nLicensed via Warner Chappell Production Music Inc.\nFINAL VERDICT\nLicensed via Warner Chappell Production Music Inc.\n\nSTILLS\nCowboy Worker Handlebar Moustache\nBlake Little/Getty Images\nSilos And Wooden Barn Needing Paint in Ridgley, Maryland, USA\nVW Pics/Getty Images"
gifPYwArCVQ,17.14.11,"Fake Pet Smart Employee Prank!","NELK",23,2017-11-13T01:30:01.000Z,"prank"|"pranks"|"nelk"|"nelkfilmz"|"nelkfilms",557883,44558,621,9619,https://i.ytimg.com/vi/gifPYwArCVQ/default.jpg,False,False,False,"3 Days left to cop NELK merch: https://nelk.ca\n\nFollow us on Instagram!\n@nelkboys\n\nNELK\nTwitter: https://twitter.com/NelkFilmz\nInstagram: https://www.instagram.com/nelkboys/\nSnapchat: nelkfilmz\n\nALL THE FIRE MUSIC BY:\nInstagram - @StanBeats\nStolen Identity - KILLY\n\nIntro and Outro Shot by: @leecreated\n\nFILMER:\nInstagram - @905shooter"
8NHA23f7LvU,17.14.11,"Jason Momoa Wows Hugh Grant With Some Dothraki | The Graham Norton Show","The Graham Norton Show",24,2017-11-10T19:06:23.000Z,"Graham Norton"|"Graham Norton Show Official"|"Entertainment"|"Chat Show"|"Graham Norton full episodes"|"the graham Norton show full eps"|"graham Norton full eps"|"watch graham Norton online"|"jason momoa"|"hugh grant"|"sarah millican"|"kelly clarkson"|"graham norton red chair"|"game of thrones",1496225,16116,236,605,https://i.ytimg.com/vi/8NHA23f7LvU/default.jpg,False,False,False,"I think Sarah Millican was very excited for this!\nSubscribe for weekly updates: http://www.youtube.com/subscription_center?add_user=officialgrahamnorton"
fy-CuCzaPp8,17.14.11,"Rooster Teeth Animated Adventures - Drunk Baby Sitting","Rooster Teeth",1,2017-11-13T14:00:03.000Z,"Rooster Teeth"|"RT"|"animation"|"television"|"filmmaking"|"games"|"video games"|"comics"|"austin"|"texas"|"production"|"movies"|"web series"|"RTAA"|"Animated Adventures"|"animated"|"stick figures"|"short"|"sketch"|"skit"|"comedy"|"humor"|"real life animated"|"jordan cwierz"|"storytelling"|"personal"|"embarrassing"|"history"|"Miles Luna"|"Chris Demarais"|"Blain Gibson"|"Barbara Dunkelman"|"drunk"|"babysitting"|"funny"|"barf"|"sick"|"tipsy"|"kicking"|"ashley"|"punching"|"Jessica"|"Ellie"|"watch"|"work"|"trust"|"friendship"|"you know what i mean"|"sleep",308568,19541,70,495,https://i.ytimg.com/vi/fy-CuCzaPp8/default.jpg,False,False,False,"Miles gets stuck at work one night watching over drunk Chris and Blaine. Some remember it better than others. Join FIRST to watch episodes early: http://bit.ly/2uRn6Ox\n\nAudio from Rooster Teeth Podcast #398\nhttp://roosterteeth.com/episode/rt-podcast-2016-398\n\n¬ª Get your RTAA merch: http://bit.ly/2tRKzOf\n¬ª Subscribe: http://bit.ly/13y3Gum\n\nAnimated and Directed by: Andrew Lhotsky\n\nAbout Rooster Teeth Animated Adventures:\nThe animated shenanigans of the Rooster Teeth staff. Audio taken from various Rooster Teeth podcasts.\n\nMore Rooster Teeth:\n¬ª Achievement Hunter: http://bit.ly/AHYTChannel \n¬ª Let's Play: http://bit.ly/1BuRgl1 \n¬ª Red vs. Blue: http://bit.ly/RvBChannel\n\nhttps://www.youtube.com/user/RoosterTeeth"
kzwfHumJyYc,17.14.11,"Sharry Mann: Cute Munda ( Song Teaser) | Parmish Verma | Releasing on 17 November","Lokdhun Punjabi",1,2017-11-12T12:20:39.000Z,"sharry mann"|"sharry mann new song"|"sharry mann cute munda"|"sharry mann latest song"|"sharry mann punjabi song 2017"|"parmish verma"|"parmish verma new song"|"parmish verma sharry mann"|"parmish verma sharry mann new song"|"parmish verma cute munda"|"new punjabi song 2017"|"punjabi song 2017"|"parmish verma new song 2017"|"parmish verma latest song 2017"|"punjabi songs 2017",1096327,33966,798,882,https://i.ytimg.com/vi/kzwfHumJyYc/default.jpg,False,False,False,"Presenting Sharry Mann latest Punjabi Song  Cute Munda Teaser . The music of new punjabi song is given by Gift Rulers while lyrics are penned by Zaildar Pargat Singh. The video is directed by Parmish Verma. \nEnjoy and stay connected with us!! \n\nSong : Cute Munda\nSinger : Sharry Mann\nStarring : Sharry Mann, Rumman & Parmish Verma\nMusic : Gift Rulers\nLyrics : Zaildar Pargat Singh\nConcept, Screenplay & Direction : Parmish Verma\nOnline Promotions : Gold Media\nCopyright: Lokdhun\n\nFull Song Releasing on 17th November\n\n\nFor more new Punjabi songs, latest Punjabi videos, funny Punjabi comedy scenes and new Punjabi movies, subscribe our channel - http://goo.gl/NnoXVB\n\n\nLike us on Facebook - https://www.facebook.com/LokdhunPunjabiOfficial/\nFollow us on Twitter - https://twitter.com/lokdhunpunjabi\nFollow us on Instagram - https://www.instagram.com/lokdhunpunjabi\nVisit us on https://www.lokdhun.com"
nc99ccSXST0,17.14.11,"5 Ice Cream Gadgets put to the Test","CrazyRussianHacker",28,2017-11-12T21:50:37.000Z,"5 Ice Cream Gadgets"|"Ice Cream"|"Cream Sandwich Maker"|"gadgets"|"gadget review"|"review"|"unboxing"|"kitchen gadgets"|"Gadgets put to the Test"|"testing"|"10 Kitchen Gadgets"|"7 Camping Coffee Gadgets"|"10 Kitchen Gadgets put to the Test",817732,23663,778,3432,https://i.ytimg.com/vi/nc99ccSXST0/default.jpg,False,False,False,"Ice Cream Pint Combination Lock - http://amzn.to/2ACipdI\nMini Ice Cream Sandwich Maker - http://amzn.to/2ACiX3g\nMotorized Ice Cream Cone - http://amzn.to/2jkrYdg\nBall Ice Cream Maker - http://amzn.to/2AEbtwE\nScoop and Stack - http://amzn.to/2zEMhGo\n\nSubscribe to: \n2nd channel - https://www.youtube.com/user/origami768\ninstagram https://instagram.com/crazyrussianhacker/\nfacebook - https://www.facebook.com/CrazyRussianHacker\n\nDON'T TRY THIS AT HOME!\n\nBusiness email: crh.inquire@gmail.com\n\nFAN MAIL:  \nCRAZY RUSSIAN HACKER\nP.O. Box 49\nWaynesville, NC 28786\n\nDISCLAIMER: In this video description contains affiliate links, which means that if you click on one of the product links, I‚Äôll receive a small commission."
puqaWrEC7tY,17.14.11,"Nickelback Lyrics: Real or Fake?","Good Mythical Morning",24,2017-11-13T11:00:04.000Z,"rhett and link"|"gmm"|"good mythical morning"|"rhett and link good mythical morning"|"good mythical morning rhett and link"|"mythical morning"|"Season 12"|"nickelback lyrics"|"nickelback lyrics real or fake"|"nickelback"|"nickelback songs"|"nickelback song"|"rhett link nickelback"|"gmm nickelback"|"lyrics (website category)"|"nickelback (musical group)"|"rock"|"music"|"lyrics"|"chad kroeger"|"canada"|"music (industry)"|"mythical"|"gmm challenge"|"comedy"|"funny"|"challenge",343168,10172,666,2146,https://i.ytimg.com/vi/puqaWrEC7tY/default.jpg,False,False,False,"Today we find out if Link is a Nickelback amateur or a secret Nickelback devotee. GMM #1218\nDon't miss an all new Ear Biscuits: https://goo.gl/xeZNQt\nWatch Part 4: https://youtu.be/MhCdiiB8CQg | Watch Part 2: https://youtu.be/7qiOrNao9fg\nWatch today's episode from the start: http://bit.ly/GMM1218\n\nPick up all of the official GMM merch only at https://mythical.store\n\nFollow Rhett & Link: \nInstagram: https://instagram.com/rhettandlink\nFacebook: https://facebook.com/rhettandlink\nTwitter: https://twitter.com/rhettandlink\nTumblr: https://rhettandlink.tumblr.com\nSnapchat: @realrhettlink\nWebsite: https://mythical.co/\n\nCheck Out Our Other Mythical Channels:\nGood Mythical MORE: https://youtube.com/goodmythicalmore\nRhett & Link: https://youtube.com/rhettandlink\nThis Is Mythical: https://youtube.com/thisismythical\nEar Biscuits: https://applepodcasts.com/earbiscuits\n\nWant to send us something? https://mythical.co/contact\nHave you made a Wheel of Mythicality intro video? Submit it here: https://bit.ly/GMMWheelIntro\n\nIntro Animation by Digital Twigs: https://www.digitaltwigs.com\nIntro & Outro Music by Jeff Zeigler & Sarah Schimeneck https://www.jeffzeigler.com\nWheel of Mythicality theme: https://www.royaltyfreemusiclibrary.com/\nAll Supplemental Music fromOpus 1 Music: https://opus1.sourceaudio.com/\nWe use ‚ÄòThe Mouse‚Äô by Blue Microphones https://www.bluemic.com/mouse/"
6H3wVsceoS0,17.14.11,"Smart Girl Shows How to Build Candy Dispenser","The Q",22,2017-11-11T02:00:00.000Z,"smart girl"|"girl"|"how to"|"smart girl shows"|"how to make"|"how to build"|"candy"|"dispenser"|"family friendly"|"for family"|"for kids"|"kids"|"candy dispenser"|"spring"|"popsicle stick"|"m&m's"|"skittles"|"tic tac"|"tic-tac"|"nerds"|"craft"|"crafting"|"girl shows"|"smart"|"idea"|"great idea"|"bright idea"|"the q",3905245,53072,2437,1979,https://i.ytimg.com/vi/6H3wVsceoS0/default.jpg,False,False,False,"Smart Girl Shows How to Build Candy Dispenser\n\nThis is second episode of The Q Girls!\n\nIn this video you could learn how to make amazing candy dispenser. You need some cardboard, popsicle sticks, spring, acrylic glass and of course a lot of candys! You can used M&M's, Skittles, Nerds, Tic Tac and any other small candys. This is family friendly machine that will impress everyone :)\n\nIf you like this video don't forget to subscribe :)\n\nMusic:\nBright Wish Kevin MacLeod. Creative Commons Attribution (https://creativecommons.org/licenses/by/4.0/).\nhttp://incompetech.com/music/royalty-free/index.html?isrc=USUAN1100377.\nhttp://incompetech.com/\nBeach Bum - Happy Rock Kevin MacLeod. Creative Commons Attribution (https://creativecommons.org/licenses/by/4.0/).\nhttp://incompetech.com/music/royalty-free/index.html?isrc=USUAN1100347.\nhttp://incompetech.com/\nDirt Road Traveler Audionautix. Creative Commons Attribution (https://creativecommons.org/licenses/by/4.0/).\nhttp://audionautix.com/"
PRlmRnU9qts,17.14.11,"Jake Paul - Saturday Night (Song) feat. Nick Crompton & Chad Tepper (Official Music Video)","Jake Paul",22,2017-11-12T00:26:46.000Z,"Jake"|"Paul"|"logan"|"paul"|"its"|"every"|"day"|"Team"|"10"|"bro"|"funny"|"wow"|"crazy"|"vlog"|"adventure"|"disney"|"channel"|"girls"|"vine"|"hot"|"cool"|"fun"|"team"|"lucas"|"marcus"|"dobre"|"actor"|"star"|"daily"|"brothers"|"bizaardvark"|"tv"|"hollywood"|"sexy"|"comedy"|"skits"|"instagram"|"facebook"|"logang"|"jakepaulers"|"family"|"friendly"|"pg"|"kids"|"tai"|"lopez"|"erika"|"costell"|"saturday"|"night"|"music"|"video"|"chad"|"tepper"|"nick"|"crompton"|"england"|"city"|"new"|"beat"|"track"|"80s"|"dance"|"spotify"|"album"|"single"|"itunes",4204818,187890,167908,77348,https://i.ytimg.com/vi/PRlmRnU9qts/default.jpg,False,False,False,"üòÉ SUBSCRIBE ‚ñ∫ http://bit.ly/SUB2JAKEPAUL | ‚òÖ PREVIOUS VLOG ‚ñ∫ https://www.youtube.com/watch?v=YbgaItnO518\n\nSTREAM & DOWNLOAD NOW‚ñ∫\n\nSpotify:\nhttps://open.spotify.com/album/4sF5JxeHqTv6g0nNKHC5z3\n\niTunes:\nhttps://itunes.apple.com/us/album/saturday-night-feat-chad-tepper-nick-crompton-single/1310012088\n\nGET THE EXCLUSIVE SATURDAY NIGTH MERCH FOR 48 HOURS ONLY!!!‚ñ∫\nhttps://fanjoy.co/collections/jake-paul/products/team-10-its-saturday-night-hoodie\n\nGET TEXT MESSAGES FROM JAKE HERE‚ñ∫\n(for United States users only)\nhttps://textjakepaul.com/\n\nTURN ON MY POST NOTIFICATIONS FOR SHOUTOUTS IN MY VLOG\n\nExclusive vids on my Second YouTube channel‚ñ∫ http://bit.ly/SUB2JAKE\n\n*FOLLOW ME ON SOCIAL MEDIA! *\nMY INSTAGRAM (@JakePaul) ‚ñ∫ https://www.instagram.com/JakePaul \nMY TWITTER (@JakePaul) ‚ñ∫ http://twitter.com/JakePaul \nMY FACEBOOK ‚ñ∫ https://www.facebook.com/JakePaul \nMY SNAPCHAT ‚ñ∫ JakePaul19 \nMY MUSICAL.LY ‚ñ∫ @JakePaul\n\n*FOLLOW TEAM 10! *\nTwitter ‚ûù http://twitter.com/Team10official \nInstagram ‚ûù http://instagram.com/Team10official \nFacebook ‚ûù http://instagram.com/Team10official \nSnapchat ‚ûù Team10Snaps\nMusical.ly ‚ûù @Team10official\nWant to text us?  ‚ûù 1-323-909-4406\n\nI HAVE A BOOK!! ‚ÄúYOU GOTTA WANT IT ‚ñ∫ http://amzn.to/2hY5Pyx\n\nfamily friendly pg clean\n\nCYA TOMORROW!!\n\n‚ö† WARNING ‚ö†\nSome effects and visuals may not be suitable for those that suffer from epilepsy."
ZhhXLMbZ1rQ,17.14.11,"DO COLLEGE KIDS KNOW 80s MUSIC? #8 (REACT: Do They Know It?)","REACT",24,2017-11-12T20:00:01.000Z,"80s music"|"80s songs"|"madonna"|"DO COLLEGE KIDS KNOW 80s MUSIC? #8 REACT: Do They Know It"|"do they know it"|"react"|"reaction"|"thefinebros"|"fine brothers"|"fine brothers entertainment"|"finebros"|"fine bros"|"FBE"|"laugh challenge"|"try not to laugh"|"try to watch without laughing or grinning"|"react gaming"|"kids versus food"|"staff reacts"|"lyric breakdown"|"Do Teens Know"|"Do Parents Know"|"Do Kids Know"|"Do Elders Know"|"stevie wonder"|"80s music hits"|"80's",549374,16832,248,3579,https://i.ytimg.com/vi/ZhhXLMbZ1rQ/default.jpg,False,False,False,"SUBSCRIBE THEN HIT THE üîî! New Videos 12pm PT on REACT! https://goo.gl/7SnCnC\nWatch all Do They Know It Eps! https://goo.gl/uAVnoI\nWatch all REACT channel videos from this week! https://goo.gl/th0yyt\nWatch latest FBE videos: https://goo.gl/aU5PSm \n\nNot seeing your favorite 80s song? We likely featured it in another episode of the show! https://goo.gl/uAVnoI\n\nThis episode features the following College Kids:\nBrandon\nhttps://www.youtube.com/c/brandocommandoyaboi\nBrittany\nhttps://www.instagram.com/brittcuadra/\nBrooklin\nhttps://www.instagram.com/brooklinf/\nChristopher\nhttps://www.instagram.com/chrisorzame/\nEric\nhttps://www.youtube.com/4N1\nKaelyn\nhttps://www.youtube.com/channel/UCzDbXLBfnlydSmL3L2BUWqQ\nLeah\nhttps://www.instagram.com/lleeeaaaahhhhh/\nTom\nhttps://www.youtube.com/user/ImBostonTom\n\nMERCH üëï https://www.shopfbe.com\n\nFollow Fine Brothers Entertainment:\nFBE WEBSITE: http://www.finebrosent.com\nFBE CHANNEL: http://www.youtube.com/FBE\nREACT CHANNEL: http://www.youtube.com/REACT\nBONUS CHANNEL: https://www.youtube.com/FBE2\nFACEBOOK: http://www.facebook.com/FBE\nFACEBOOK: http://www.facebook.com/FBEShows\nTWITTER: http://www.twitter.com/fbe\nINSTAGRAM: http://www.instagram.com/fbe\nSNAPCHAT: https://www.snapchat.com/add/finebros\nSOUNDCLOUD: https://soundcloud.com/fbepodcast\niTUNES (Podcast): https://goo.gl/DSdGFT\nGOOGLE PLAY (Podcast): https://goo.gl/UhL6bk\nMUSICAL.LY: @fbe\n\nSEND US STUFF:\nFBE\nP.O. BOX 4324\nValley Village, CA 91617-4324\n\nExecutive Produced by Benny Fine & Rafi Fine\nHead of Post Production - Nick Bergthold\nDirector of Production - Drew Roder\nDigital Production Manager - Andrew Chang\nProduced by Vincent Ieraci\nAssociate Producer -  Katie Harper\nProduction Coordinator - Cynthia Garcia\nAssistant Production Coordinator - Kristy Kiefer\nStudio Technician - Josh Hilton\nProduction Assistant - Locke Alexander\nEditor - Paul Smith\nAssistant Editor - Nicole Worthington\nPost Supervisor - Adam Speas\nPost Coordinator - David Valbuena\nSet Design - Melissa Judson\nGraphics & Animation - Will Hyler\nTheme Music - Cyrus Ghahremani\nOmni-rific by Josh Molen (http://TheTunePeddler.com)\nMusic by: Cormac Bluestone\nhttp://www.youtube.com/cormacbluestone\n\n¬© Fine Brothers Entertainment.\n\nDo They Know It #91 - DO COLLEGE KIDS KNOW 80s MUSIC? #8 (REACT: Do They Know It?)"
